"date","open","high","low","close","volume","adj_close"
2016-07-15,1775,1799,1758,1779,1709500,1779
2016-07-14,1780,1788,1765,1772,979400,1772
2016-07-13,1768,1805,1763,1779,2363500,1779
2016-07-12,1720,1764,1720,1748,2453000,1748
2016-07-11,1670,1706,1660,1694,1449000,1694
2016-07-08,1662,1682,1640,1640,1653500,1640
2016-07-07,1643,1664,1629,1655,1553400,1655
2016-07-06,1657,1661,1593,1648,2757600,1648
2016-07-05,1700,1725,1691,1707,1025400,1707
2016-07-04,1695,1737,1673,1731,918900,1731
2016-07-01,1718,1725,1702,1711,1242100,1711
2016-06-30,1735,1735,1683,1685,2399100,1685
2016-06-29,1711,1724,1689,1723,2355300,1723
2016-06-28,1702,1774,1681,1751,2647100,1751
2016-06-27,1747,1756,1706,1720,1860400,1720
2016-06-24,1862,1867,1677,1697,3441800,1697
2016-06-23,1875,1881,1846,1873,1309000,1873
2016-06-22,1884,1901,1863,1889,1897800,1889
2016-06-21,1871,1889,1859,1880,1639200,1880
2016-06-20,1845,1883,1839,1875,2640700,1875
2016-06-17,1782,1815,1773,1800,3937200,1800
2016-06-16,1795,1805,1770,1773,1852400,1773
2016-06-15,1800,1820,1791,1795,1575000,1795
2016-06-14,1833,1849,1804,1810,2073800,1810
2016-06-13,1860,1867,1844,1844,1645100,1844
2016-06-10,1864,1887,1862,1884,3038600,1884
2016-06-09,1882,1882,1821,1842,3045000,1842
2016-06-08,1920,1925,1888,1898,1886400,1898
2016-06-07,1907,1931,1898,1931,1157200,1931
2016-06-06,1910,1929,1890,1925,1407100,1925
2016-06-03,1930,1957,1919,1950,1769100,1950
2016-06-02,1985,1989,1923,1927,1551900,1927
2016-06-01,1978,2003,1971,1991,2687600,1991
2016-05-31,1996,2007,1982,2002,1341200,2002
2016-05-30,1952,2003,1950,1996,2332100,1996
2016-05-27,1925,1962,1925,1945,2723500,1945
2016-05-26,1916,1949,1910,1924,3038000,1924
2016-05-25,1876,1892,1858,1880,2157000,1880
2016-05-24,1878,1886,1855,1863,1999000,1863
2016-05-23,1901,1905,1865,1882,2516400,1882
2016-05-20,1933,1938,1902,1914,2754800,1914
2016-05-19,1990,1990,1935,1943,3519000,1943
2016-05-18,2016,2028,1993,2000,2167100,2000
2016-05-17,1998,2043,1995,2042,1399300,2042
2016-05-16,2020,2049,2016,2025,1353000,2025
2016-05-13,2074,2075,2015,2017,1933700,2017
2016-05-12,2100,2109,2084,2102,1533900,2102
2016-05-11,2125,2175,2118,2122,1844500,2122
2016-05-10,2130,2168,2112,2156,2683400,2156
2016-05-09,2225,2236,1957,2067,5721000,2067
2016-05-06,2201,2217,2153,2175,1669200,2175
2016-05-02,2225,2234,2178,2196,1617400,2196
2016-04-28,2385,2391,2296,2302,1149900,2302
2016-04-27,2416,2416,2370,2375,810000,2375
2016-04-26,2416,2424,2387,2408,760600,2408
2016-04-25,2424,2425,2385,2415,708700,2415
2016-04-22,2393,2427,2378,2427,1173300,2427
2016-04-21,2374,2417,2355,2414,1442500,2414
2016-04-20,2342,2377,2328,2349,924800,2349
2016-04-19,2315,2356,2306,2350,1152000,2350
2016-04-18,2250,2295,2241,2280,941200,2280
2016-04-15,2276,2311,2267,2307,1152000,2307
2016-04-14,2273,2304,2266,2304,1389400,2304
2016-04-13,2169,2227,2166,2225,1666100,2225
2016-04-12,2121,2177,2115,2169,3005400,2169
2016-04-11,2188,2199,2144,2190,1082000,2190
2016-04-08,2172,2252,2161,2223,1292300,2223
2016-04-07,2207,2232,2174,2206,1037300,2206
2016-04-06,2210,2232,2207,2211,1226000,2211
2016-04-05,2239,2255,2185,2188,1229500,2188
2016-04-04,2237,2280,2226,2259,1428800,2259
2016-04-01,2297,2305,2242,2245,2315800,2245
2016-03-31,2329,2345,2295,2295,1658200,2295
2016-03-30,2330,2344,2306,2308,1381600,2308
2016-03-29,2341,2357,2327,2339,922500,2339
2016-03-28,2370,2371,2329,2354,1123200,2354
2016-03-25,2417,2430,2326,2333,1805100,2333
2016-03-24,2482,2510,2411,2416,1200100,2416
2016-03-23,2453,2497,2437,2446,1381000,2446
2016-03-22,2489,2510,2458,2499,1077300,2499
2016-03-18,2458,2489,2424,2448,1346900,2448
2016-03-17,2459,2494,2437,2464,1004900,2464
2016-03-16,2452,2454,2428,2434,1019300,2434
2016-03-15,2478,2515,2462,2477,930100,2477
2016-03-14,2472,2504,2452,2477,987300,2477
2016-03-11,2424,2468,2412,2457,1543300,2457
2016-03-10,2433,2443,2404,2425,827300,2425
2016-03-09,2426,2444,2406,2426,750200,2426
2016-03-08,2474,2483,2413,2457,786300,2457
2016-03-07,2485,2502,2465,2481,588200,2481
2016-03-04,2478,2494,2452,2490,646400,2490
2016-03-03,2477,2480,2435,2467,1255600,2467
2016-03-02,2460,2512,2446,2488,1328600,2488
2016-03-01,2360,2428,2351,2396,1301900,2396
2016-02-29,2413,2413,2317,2318,1231700,2318
2016-02-26,2389,2415,2373,2392,749500,2392
2016-02-25,2380,2453,2376,2406,1395300,2406
2016-02-24,2318,2344,2297,2326,1233700,2326
2016-02-23,2400,2412,2340,2346,833400,2346
2016-02-22,2372,2412,2352,2393,666900,2393
2016-02-19,2415,2432,2371,2385,824800,2385
2016-02-18,2458,2477,2406,2412,1268900,2412
2016-02-17,2412,2459,2374,2399,1005100,2399
2016-02-16,2403,2474,2398,2435,1412600,2435
2016-02-15,2400,2521,2391,2495,1808300,2495
2016-02-12,2364,2388,2319,2322,2474000,2322
2016-02-10,2465,2510,2384,2417,1981300,2417
2016-02-09,2539,2577,2450,2462,1844500,2462
2016-02-08,2572,2653,2558,2636,1854900,2636
2016-02-05,2545,2582,2510,2544,1189500,2544
2016-02-04,2573,2600,2554,2573,1014500,2573
2016-02-03,2675,2675,2576,2593,1964300,2593
2016-02-02,2629,2666,2624,2625,1656000,2625
2016-02-01,2540,2660,2528,2642,2867100,2642
2016-01-29,2500,2525,2432,2520,2278500,2520
2016-01-28,2465,2495,2451,2473,1327200,2473
2016-01-27,2480,2487,2452,2470,1437600,2470
2016-01-26,2466,2487,2437,2455,1380300,2455
2016-01-25,2516,2522,2485,2506,1283200,2506
2016-01-22,2460,2484,2428,2480,2869500,2480
2016-01-21,2460,2473,2361,2361,1467100,2361
2016-01-20,2508,2516,2416,2420,1705200,2420
2016-01-19,2477,2506,2455,2476,1148500,2476
2016-01-18,2420,2489,2420,2477,1651600,2477
2016-01-15,2562,2563,2475,2488,2805200,2488
2016-01-14,2515,2556,2505,2549,2263100,2549
2016-01-13,2527,2569,2503,2565,2109800,2565
2016-01-12,2580,2602,2517,2517,1201900,2517
2016-01-08,2628,2645,2591,2594,990900,2594
2016-01-07,2673,2699,2633,2643,895000,2643
2016-01-06,2708,2732,2658,2673,1000700,2673
2016-01-05,2646,2718,2646,2694,1033000,2694
2016-01-04,2716,2723,2642,2654,1135200,2654
2015-12-30,2727,2742,2682,2700,642600,2700
2015-12-29,2677,2719,2671,2717,511800,2717
2015-12-28,2692,2709,2661,2677,566100,2677
2015-12-25,2656,2679,2651,2671,441900,2671
2015-12-24,2710,2740,2656,2661,870600,2661
2015-12-22,2716,2750,2697,2719,1478600,2719
2015-12-21,2705,2716,2677,2705,661200,2705
2015-12-18,2775,2796,2712,2718,1327700,2718
2015-12-17,2788,2796,2756,2776,953600,2776
2015-12-16,2700,2741,2683,2741,1082000,2741
2015-12-15,2707,2735,2650,2650,866100,2650
2015-12-14,2668,2718,2657,2718,1194000,2718
2015-12-11,2698,2745,2687,2722,1141600,2722
2015-12-10,2720,2750,2710,2719,869200,2719
2015-12-09,2773,2790,2745,2751,941400,2751
2015-12-08,2823,2828,2754,2763,940500,2763
2015-12-07,2807,2836,2800,2800,527000,2800
2015-12-04,2811,2811,2784,2793,1452500,2793
2015-12-03,2853,2885,2842,2857,928300,2857
2015-12-02,2836,2881,2836,2853,876200,2853
2015-12-01,2856,2866,2778,2855,1569400,2855
2015-11-30,2888,2907,2874,2878,1240100,2878
2015-11-27,2911,2918,2872,2895,878700,2895
2015-11-26,2917,2959,2907,2910,1032400,2910
2015-11-25,2908,2915,2891,2899,785400,2899
2015-11-24,2896,2927,2892,2918,1732200,2918
2015-11-20,2877,2891,2844,2891,1132700,2891
2015-11-19,2893,2941,2880,2907,1662600,2907
2015-11-18,2877,2893,2851,2860,962500,2860
2015-11-17,2882,2903,2864,2871,1047700,2871
2015-11-16,2831,2868,2817,2852,685700,2852
2015-11-13,2860,2891,2835,2881,873700,2881
2015-11-12,2850,2928,2843,2889,2023900,2889
2015-11-11,2803,2867,2792,2855,1457300,2855
2015-11-10,2774,2836,2754,2825,1524500,2825
2015-11-09,2789,2805,2762,2789,1481700,2789
2015-11-06,2745,2768,2731,2757,1648300,2757
2015-11-05,2700,2759,2698,2745,1664800,2745
2015-11-04,2700,2722,2654,2687,3400300,2687
2015-11-02,2621,2735,2562,2695,4181300,2695
2015-10-30,2589,2610,2548,2601,1199900,2601
2015-10-29,2578,2600,2554,2587,2360900,2587
2015-10-28,2614,2614,2542,2550,1465700,2550
2015-10-27,2635,2645,2604,2610,848100,2610
2015-10-26,2650,2650,2621,2627,744000,2627
2015-10-23,2610,2638,2597,2619,1205200,2619
2015-10-22,2552,2584,2547,2560,859100,2560
2015-10-21,2523,2570,2507,2567,785000,2567
2015-10-20,2585,2601,2514,2523,1164400,2523
2015-10-19,2577,2603,2566,2567,1041900,2567
2015-10-16,2574,2602,2549,2581,1328900,2581
2015-10-15,2557,2609,2534,2574,1467500,2574
2015-10-14,2594,2606,2552,2569,1285200,2569
2015-10-13,2613,2662,2609,2623,1290700,2623
2015-10-09,2553,2614,2541,2609,1421200,2609
2015-10-08,2550,2594,2523,2538,1408400,2538
2015-10-07,2540,2557,2522,2554,1255100,2554
2015-10-06,2549,2566,2479,2491,1985300,2491
2015-10-05,2543,2545,2486,2517,764500,2517
2015-10-02,2472,2534,2464,2517,883500,2517
2015-10-01,2442,2491,2419,2479,1145100,2479
2015-09-30,2399,2437,2390,2420,1142400,2420
2015-09-29,2453,2460,2381,2384,1344100,2384
2015-09-28,2508,2538,2480,2498,1005700,2498
2015-09-25,2480,2535,2465,2529,1479200,2529
2015-09-24,2467,2504,2450,2450,2119400,2450
2015-09-18,2601,2615,2513,2535,2313500,2535
2015-09-17,2658,2677,2628,2641,1506000,2641
2015-09-16,2660,2665,2599,2614,885700,2614
2015-09-15,2625,2678,2586,2634,2027900,2634
2015-09-14,2662,2676,2629,2634,904400,2634
2015-09-11,2632,2652,2603,2623,1963400,2623
2015-09-10,2578,2639,2551,2607,1759400,2607
2015-09-09,2525,2609,2523,2609,2078800,2609
2015-09-08,2500,2529,2450,2453,967900,2453
2015-09-07,2480,2530,2453,2514,1281800,2514
2015-09-04,2544,2557,2473,2489,2297600,2489
2015-09-03,2525,2602,2494,2503,2052700,2503
2015-09-02,2400,2448,2400,2405,2651600,2405
2015-09-01,2455,2477,2420,2436,1903800,2436
2015-08-31,2485,2518,2448,2502,2055100,2502
2015-08-28,2439,2475,2408,2460,3381100,2460
2015-08-27,2425,2433,2383,2389,1211600,2389
2015-08-26,2361,2379,2312,2375,1488700,2375
2015-08-25,2300,2436,2300,2334,2073000,2334
2015-08-24,2457,2492,2378,2378,1684200,2378
2015-08-21,2546,2570,2513,2514,1159900,2514
2015-08-20,2601,2619,2581,2593,1086900,2593
2015-08-19,2654,2687,2633,2636,1025800,2636
2015-08-18,2687,2733,2666,2670,1479200,2670
2015-08-17,2689,2690,2656,2673,907500,2673
2015-08-14,2695,2695,2644,2670,1141200,2670
2015-08-13,2650,2696,2639,2688,1973400,2688
2015-08-12,2591,2671,2567,2655,2272400,2655
2015-08-11,2538,2648,2510,2638,2330400,2638
2015-08-10,2615,2638,2520,2566,2843200,2566
2015-08-07,2555,2725,2555,2705,3637900,2705
2015-08-06,2580,2583,2529,2554,1259900,2554
2015-08-05,2539,2578,2522,2573,962600,2573
2015-08-04,2510,2530,2485,2527,956900,2527
2015-08-03,2494,2511,2462,2500,759100,2500
2015-07-31,2468,2504,2441,2489,1302000,2489
2015-07-30,2467,2505,2465,2479,1009400,2479
2015-07-29,2480,2510,2458,2459,1053300,2459
2015-07-28,2455,2471,2430,2460,717600,2460
2015-07-27,2491,2516,2463,2477,789200,2477
2015-07-24,2472,2490,2462,2488,660900,2488
2015-07-23,2524,2524,2463,2475,1358600,2475
2015-07-22,2478,2513,2450,2500,1508700,2500
2015-07-21,2570,2588,2483,2492,3443200,2492
2015-07-17,2560,2606,2546,2606,1635400,2606
2015-07-16,2599,2599,2541,2564,1213000,2564
2015-07-15,2575,2604,2563,2600,1697700,2600
2015-07-14,2523,2562,2522,2548,1301800,2548
2015-07-13,2480,2524,2470,2497,1197100,2497
2015-07-10,2498,2506,2458,2461,1761600,2461
2015-07-09,2400,2484,2377,2484,1809100,2484
2015-07-08,2575,2576,2454,2457,2055600,2457
2015-07-07,2598,2600,2535,2539,1917800,2539
2015-07-06,2545,2598,2530,2582,2358500,2582
2015-07-03,2580,2602,2571,2595,2365900,2595
2015-07-02,2520,2564,2498,2561,2716900,2561
2015-07-01,2455,2515,2450,2493,1577700,2493
2015-06-30,2430,2444,2414,2430,1705200,2430
2015-06-29,2419,2475,2411,2452,1669200,2452
2015-06-26,2471,2483,2439,2469,1288100,2469
2015-06-25,2480,2505,2476,2487,1362000,2487
2015-06-24,2488,2494,2470,2480,1674100,2480
2015-06-23,2395,2493,2388,2477,2971700,2477
2015-06-22,2364,2379,2342,2354,1278800,2354
2015-06-19,2344,2376,2343,2358,2251500,2358
2015-06-18,2345,2368,2318,2341,2928200,2341
2015-06-17,2405,2420,2352,2360,2990600,2360
2015-06-16,2443,2448,2405,2410,2213100,2410
2015-06-15,2440,2466,2426,2450,1107800,2450
2015-06-12,2450,2468,2430,2467,1800400,2467
2015-06-11,2490,2504,2424,2441,2441400,2441
2015-06-10,2554,2560,2496,2501,2462200,2501
2015-06-09,2520,2583,2511,2566,2500900,2566
2015-06-08,2550,2555,2429,2530,2844300,2530
2015-06-05,2553,2564,2515,2539,2126700,2539
2015-06-04,2515,2589,2502,2585,3483300,2585
2015-06-03,2452,2576,2448,2534,4745500,2534
2015-06-02,2435,2454,2406,2424,1697200,2424
2015-06-01,2358,2412,2351,2402,1647700,2402
2015-05-29,2310,2397,2308,2376,3098200,2376
2015-05-28,2353,2362,2299,2316,2310900,2316
2015-05-27,2350,2365,2335,2358,1508900,2358
2015-05-26,2354,2367,2347,2351,952400,2351
2015-05-25,2312,2386,2312,2343,4164900,2343
2015-05-22,2240,2327,2233,2308,6339200,2308
2015-05-21,2457,2477,2265,2273,6333800,2273
2015-05-20,2412,2477,2412,2457,1979600,2457
2015-05-19,2402,2419,2393,2400,1193900,2400
2015-05-18,2371,2409,2371,2396,1373200,2396
2015-05-15,2380,2403,2352,2372,1839400,2372
2015-05-14,2380,2395,2357,2372,2195800,2372
2015-05-13,2343,2375,2337,2367,2449200,2367
2015-05-12,2364,2377,2331,2343,2323800,2343
2015-05-11,2382,2387,2356,2364,2452700,2364
2015-05-08,2398,2437,2371,2378,2512600,2378
2015-05-07,2508,2508,2394,2428,3524200,2428
2015-05-01,2482,2486,2438,2458,2281800,2458
2015-04-30,2540,2550,2482,2503,2793600,2503
2015-04-28,2542,2642,2529,2537,4606500,2537
2015-04-27,2770,2775,2733,2759,615000,2759
2015-04-24,2768,2786,2744,2766,1335200,2766
2015-04-23,2722,2783,2722,2779,1285600,2779
2015-04-22,2670,2691,2664,2687,1776400,2687
2015-04-21,2684,2706,2670,2696,1027400,2696
2015-04-20,2709,2716,2681,2684,1310700,2684
2015-04-17,2790,2802,2739,2743,1285800,2743
2015-04-16,2730,2793,2714,2790,1932300,2790
2015-04-15,2705,2720,2697,2708,1028400,2708
2015-04-14,2720,2721,2686,2708,1358900,2708
2015-04-13,2770,2787,2724,2732,1311200,2732
2015-04-10,2730,2788,2723,2771,2238500,2771
2015-04-09,2735,2754,2708,2715,1407400,2715
2015-04-08,2725,2756,2692,2735,2265800,2735
2015-04-07,2728,2738,2711,2725,1238400,2725
2015-04-06,2730,2743,2680,2707,1214900,2707
2015-04-03,2775,2782,2739,2756,874800,2756
2015-04-02,2788,2805,2766,2775,1346600,2775
2015-04-01,2828,2834,2758,2770,3112800,2770
2015-03-31,2860,2918,2844,2847,2224200,2847
2015-03-30,2839,2851,2803,2843,1744600,2843
2015-03-27,2840,2892,2840,2870,2295900,2870
2015-03-26,2900,2906,2840,2872,3429400,2872
2015-03-25,2959,2960,2910,2950,2066000,2950
2015-03-24,2920,2973,2914,2960,2711500,2960
2015-03-23,2899,2937,2894,2934,1625800,2934
2015-03-20,2863,2866,2823,2863,1415800,2863
2015-03-19,2835,2874,2823,2863,2090500,2863
2015-03-18,2816,2843,2803,2819,965800,2819
2015-03-17,2817,2825,2785,2809,1043400,2809
2015-03-16,2814,2828,2783,2789,864400,2789
2015-03-13,2823,2846,2805,2824,1822200,2824
2015-03-12,2743,2820,2730,2815,1932500,2815
2015-03-11,2707,2743,2696,2716,983800,2716
2015-03-10,2742,2763,2698,2713,967500,2713
2015-03-09,2769,2782,2716,2729,1297800,2729
2015-03-06,2726,2771,2689,2766,1729500,2766
2015-03-05,2800,2800,2716,2728,1738200,2728
2015-03-04,2825,2834,2787,2803,1825000,2803
2015-03-03,2864,2864,2796,2839,1340700,2839
2015-03-02,2837,2880,2821,2873,1490300,2873
2015-02-27,2832,2850,2801,2850,1935300,2850
2015-02-26,2808,2837,2801,2822,1435900,2822
2015-02-25,2806,2815,2784,2801,1738500,2801
2015-02-24,2753,2819,2747,2814,1802400,2814
2015-02-23,2760,2769,2730,2759,1522700,2759
2015-02-20,2718,2770,2700,2763,1854600,2763
2015-02-19,2720,2725,2700,2712,1428300,2712
2015-02-18,2710,2720,2695,2720,2300800,2720
2015-02-17,2650,2711,2581,2679,5057300,2679
2015-02-16,2683,2729,2680,2713,3910200,2713
2015-02-13,2645,2645,2595,2635,2264000,2635
2015-02-12,2650,2668,2624,2632,1814500,2632
2015-02-10,2587,2630,2586,2622,1586500,2622
2015-02-09,2626,2634,2588,2600,1875500,2600
2015-02-06,2610,2671,2570,2646,2309300,2646
2015-02-05,2514,2605,2495,2596,3723700,2596
2015-02-04,2528,2547,2492,2514,3663600,2514
2015-02-03,2385,2453,2370,2450,5689400,2450
2015-02-02,2300,2419,2300,2367,3062800,2367
2015-01-30,2317,2328,2299,2311,805700,2311
2015-01-29,2306,2327,2285,2295,1079800,2295
2015-01-28,2331,2352,2316,2330,894700,2330
2015-01-27,2360,2377,2337,2356,846300,2356
2015-01-26,2378,2378,2335,2343,628600,2343
2015-01-23,2404,2406,2380,2396,1039900,2396
2015-01-22,2361,2366,2330,2355,686600,2355
2015-01-21,2408,2425,2359,2386,887200,2386
2015-01-20,2369,2400,2358,2391,862200,2391
2015-01-19,2375,2394,2349,2378,848200,2378
2015-01-16,2310,2361,2250,2358,3250400,2358
2015-01-15,2323,2407,2323,2386,2220000,2386
2015-01-14,2373,2382,2305,2312,1890200,2312
2015-01-13,2335,2412,2316,2412,1802700,2412
2015-01-09,2404,2418,2331,2354,1941000,2354
2015-01-08,2479,2500,2396,2404,1438400,2404
2015-01-07,2420,2464,2418,2443,1289800,2443
2015-01-06,2526,2532,2413,2438,2459600,2438
2015-01-05,2556,2588,2546,2573,1220200,2573
2014-12-30,2561,2575,2548,2554,504900,2554
2014-12-29,2580,2582,2524,2564,596600,2564
2014-12-26,2572,2585,2554,2583,452800,2583
2014-12-25,2575,2587,2550,2559,466600,2559
2014-12-24,2604,2605,2567,2577,890400,2577
2014-12-22,2555,2574,2541,2571,862000,2571
2014-12-19,2519,2539,2507,2539,927200,2539
2014-12-18,2478,2511,2475,2486,1156600,2486
2014-12-17,2448,2465,2433,2435,1456500,2435
2014-12-16,2433,2461,2425,2440,1582500,2440
2014-12-15,2467,2476,2440,2454,1370600,2454
2014-12-12,2491,2533,2480,2496,1613100,2496
2014-12-11,2506,2524,2450,2513,2931800,2513
2014-12-10,2650,2680,2558,2567,1881100,2567
2014-12-09,2634,2675,2621,2667,1096500,2667
2014-12-08,2682,2682,2650,2676,1160900,2676
2014-12-05,2607,2636,2603,2633,863300,2633
2014-12-04,2622,2640,2598,2607,894300,2607
2014-12-03,2592,2626,2591,2600,1334500,2600
2014-12-02,2550,2582,2516,2571,1196000,2571
2014-12-01,2524,2577,2504,2577,1687500,2577
2014-11-28,2468,2524,2468,2524,1397800,2524
2014-11-27,2467,2483,2450,2461,1133900,2461
2014-11-26,2429,2476,2417,2466,1206500,2466
2014-11-25,2483,2490,2437,2446,1205300,2446
2014-11-21,2425,2458,2424,2457,956400,2457
2014-11-20,2460,2483,2422,2430,1187000,2430
2014-11-19,2440,2469,2427,2434,1281500,2434
2014-11-18,2450,2468,2416,2433,1856200,2433
2014-11-17,2445,2454,2386,2400,2424800,2400
2014-11-14,2391,2448,2371,2444,3375300,2444
2014-11-13,2352,2360,2326,2341,1162900,2341
2014-11-12,2367,2379,2343,2358,2006800,2358
2014-11-11,2325,2346,2324,2330,1460300,2330
2014-11-10,2338,2338,2307,2322,1120700,2322
2014-11-07,2330,2348,2323,2339,1261900,2339
2014-11-06,2347,2352,2296,2311,2776600,2311
2014-11-05,2400,2402,2330,2355,4316500,2355
2014-11-04,2480,2495,2430,2469,4190200,2469
2014-10-31,2341,2407,2320,2400,3527700,2400
2014-10-30,2283,2300,2266,2296,2350200,2296
2014-10-29,2198,2263,2183,2258,1463800,2258
2014-10-28,2199,2215,2197,2202,929700,2202
2014-10-27,2210,2225,2194,2200,2476400,2200
2014-10-24,2236,2240,2197,2211,1187000,2211
2014-10-23,2203,2230,2188,2207,1380200,2207
2014-10-22,2210,2253,2204,2210,2545100,2210
2014-10-21,2145,2198,2132,2155,2935300,2155
2014-10-20,2094,2155,2094,2143,1448400,2143
2014-10-17,2100,2118,2063,2066,2530800,2066
2014-10-16,2113,2124,2094,2104,2480600,2104
2014-10-15,2220,2299,2130,2163,4703500,2163
2014-10-14,2100,2136,2087,2123,4008200,2123
2014-10-10,2142,2170,2134,2148,1486700,2148
2014-10-09,2238,2242,2180,2184,1473600,2184
2014-10-08,2234,2245,2219,2226,1491200,2226
2014-10-07,2286,2305,2251,2261,1453200,2261
2014-10-06,2302,2303,2271,2278,1139800,2278
2014-10-03,2270,2320,2268,2284,1609800,2284
2014-10-02,2294,2301,2268,2270,1325700,2270
2014-10-01,2348,2372,2311,2314,1832800,2314
2014-09-30,2383,2390,2321,2343,1834200,2343
2014-09-29,2416,2424,2390,2401,1165600,2401
2014-09-26,2393,2421,2382,2403,1206600,2403
2014-09-25,2437,2446,2417,2445,1410200,2445
2014-09-24,2331,2414,2331,2408,1979000,2408
2014-09-22,2335,2347,2319,2331,790000,2331
2014-09-19,2302,2355,2298,2333,2134300,2333
2014-09-18,2299,2307,2281,2283,1471300,2283
2014-09-17,2305,2310,2276,2277,2157800,2277
2014-09-16,2335,2336,2299,2305,1219100,2305
2014-09-12,2335,2348,2321,2327,1989800,2327
2014-09-11,2345,2353,2332,2335,1434400,2335
2014-09-10,2300,2344,2298,2335,2232200,2335
2014-09-09,2300,2310,2288,2299,1151800,2299
2014-09-08,2300,2306,2284,2297,1366100,2297
2014-09-05,2302,2307,2288,2300,1228500,2300
2014-09-04,2325,2329,2298,2302,1121800,2302
2014-09-03,2328,2342,2320,2332,1410000,2332
2014-09-02,2297,2327,2292,2305,1782800,2305
2014-09-01,2272,2298,2229,2297,2467900,2297
2014-08-29,2280,2309,2254,2302,2229800,2302
2014-08-28,2311,2312,2293,2301,1940100,2301
2014-08-27,2283,2310,2283,2309,1900200,2309
2014-08-26,2290,2296,2275,2282,1464700,2282
2014-08-25,2303,2304,2283,2289,1383400,2289
2014-08-22,2310,2315,2274,2279,1921000,2279
2014-08-21,2332,2333,2299,2306,1716700,2306
2014-08-20,2350,2354,2331,2332,810800,2332
2014-08-19,2350,2353,2332,2340,1738400,2340
2014-08-18,2361,2365,2312,2328,1469100,2328
2014-08-15,2353,2398,2352,2384,1840400,2384
2014-08-14,2359,2362,2333,2347,1055600,2347
2014-08-13,2355,2363,2335,2342,925100,2342
2014-08-12,2351,2390,2350,2355,1755100,2355
2014-08-11,2308,2344,2298,2322,1591300,2322
2014-08-08,2301,2317,2270,2273,1931800,2273
2014-08-07,2340,2343,2306,2333,1585600,2333
2014-08-06,2361,2362,2325,2333,1693900,2333
2014-08-05,2390,2399,2334,2350,3822200,2350
2014-08-04,2475,2528,2392,2476,3553600,2476
2014-08-01,2500,2506,2472,2485,1935200,2485
2014-07-31,2575,2576,2525,2533,1895600,2533
2014-07-30,2550,2606,2527,2577,3008200,2577
2014-07-29,2656,2658,2621,2640,1178200,2640
2014-07-28,2634,2673,2633,2657,1178700,2657
2014-07-25,2600,2647,2600,2625,1424800,2625
2014-07-24,2578,2600,2531,2570,1927600,2570
2014-07-23,2632,2642,2600,2604,1093600,2604
2014-07-22,2669,2678,2646,2648,639600,2648
2014-07-18,2615,2640,2600,2631,651900,2631
2014-07-17,2638,2690,2637,2658,1135000,2658
2014-07-16,2633,2650,2621,2629,960500,2629
2014-07-15,2659,2681,2632,2641,1087000,2641
2014-07-14,2633,2647,2616,2640,623000,2640
2014-07-11,2610,2636,2605,2631,889300,2631
2014-07-10,2692,2698,2640,2648,1153900,2648
2014-07-09,2682,2695,2656,2684,1515400,2684
2014-07-08,2710,2724,2682,2699,1156500,2699
2014-07-07,2764,2769,2720,2725,1067900,2725
2014-07-04,2780,2786,2735,2769,1432700,2769
2014-07-03,2800,2805,2714,2742,1763900,2742
2014-07-02,2788,2810,2763,2788,987800,2788
2014-07-01,2737,2794,2731,2785,1319400,2785
2014-06-30,2741,2741,2706,2734,953500,2734
2014-06-27,2802,2808,2716,2723,1352500,2723
2014-06-26,2793,2818,2782,2812,1979500,2812
2014-06-25,2770,2796,2737,2743,1693200,2743
2014-06-24,2759,2786,2745,2777,1367500,2777
2014-06-23,2716,2762,2710,2756,1519200,2756
2014-06-20,2643,2707,2628,2697,2301800,2697
2014-06-19,2579,2647,2576,2643,1330300,2643
2014-06-18,2584,2585,2543,2560,1367400,2560
2014-06-17,2601,2619,2573,2577,865800,2577
2014-06-16,2620,2620,2590,2601,812400,2601
2014-06-13,2571,2623,2571,2616,1155100,2616
2014-06-12,2624,2624,2572,2610,1714700,2610
2014-06-11,2671,2688,2642,2663,1159500,2663
2014-06-10,2689,2705,2657,2668,1563400,2668
2014-06-09,2660,2672,2648,2660,843700,2660
2014-06-06,2640,2659,2633,2640,1486600,2640
2014-06-05,2613,2650,2606,2631,1373700,2631
2014-06-04,2634,2637,2583,2605,1764900,2605
2014-06-03,2699,2709,2654,2655,1264100,2655
2014-06-02,2672,2685,2651,2664,765900,2664
2014-05-30,2670,2679,2620,2635,2177800,2635
2014-05-29,2600,2667,2590,2654,2222900,2654
2014-05-28,2574,2615,2559,2606,1719100,2606
2014-05-27,2514,2575,2511,2552,1459000,2552
2014-05-26,2485,2513,2473,2505,1338100,2505
2014-05-23,2450,2476,2431,2441,1261600,2441
2014-05-22,2431,2460,2421,2447,840300,2447
2014-05-21,2410,2455,2403,2414,1102000,2414
2014-05-20,2458,2459,2433,2443,1148600,2443
2014-05-19,2429,2458,2418,2430,1386400,2430
2014-05-16,2465,2477,2396,2423,2025100,2423
2014-05-15,2496,2510,2473,2497,1965900,2497
2014-05-14,2484,2547,2481,2534,2508600,2534
2014-05-13,2575,2583,2530,2534,1339800,2534
2014-05-12,2497,2549,2497,2519,1332600,2519
2014-05-09,2510,2547,2478,2487,2868800,2487
2014-05-08,2650,2651,2520,2572,2887000,2572
2014-05-07,2672,2769,2655,2663,2921200,2663
2014-05-02,2701,2721,2675,2710,1360400,2710
2014-05-01,2750,2750,2685,2710,1582200,2710
2014-04-30,2690,2730,2690,2703,1243600,2703
2014-04-28,2653,2672,2623,2660,909500,2660
2014-04-25,2645,2686,2629,2673,738300,2673
2014-04-24,2673,2675,2636,2654,751000,2654
2014-04-23,2670,2675,2658,2674,629800,2674
2014-04-22,2658,2678,2651,2652,946500,2652
2014-04-21,2654,2689,2635,2638,573800,2638
2014-04-18,2570,2659,2570,2650,1648000,2650
2014-04-17,2624,2663,2546,2548,2579900,2548
2014-04-16,2627,2664,2592,2664,1071500,2664
2014-04-15,2644,2648,2584,2601,1050300,2601
2014-04-14,2560,2639,2549,2625,1294100,2625
2014-04-11,2633,2633,2584,2588,1774000,2588
2014-04-10,2700,2720,2645,2675,1523400,2675
2014-04-09,2658,2675,2639,2661,1668100,2661
2014-04-08,2704,2735,2684,2714,1187800,2714
2014-04-07,2759,2791,2735,2774,869200,2774
2014-04-04,2815,2823,2784,2802,1142900,2802
2014-04-03,2815,2823,2771,2810,1972000,2810
2014-04-02,2807,2829,2788,2794,1666900,2794
2014-04-01,2842,2870,2798,2807,2583400,2807
2014-03-31,2800,2849,2781,2846,1445700,2846
2014-03-28,2764,2780,2697,2770,1603400,2770
2014-03-27,2697,2766,2681,2756,1635700,2756
2014-03-26,2730,2759,2706,2749,2208900,2749
2014-03-25,2688,2801,2664,2773,3335100,2773
2014-03-24,2688,2738,2660,2723,2980500,2723
2014-03-20,2675,2704,2650,2654,2366600,2654
2014-03-19,2661,2666,2601,2647,1274200,2647
2014-03-18,2685,2699,2645,2648,1455600,2648
2014-03-17,2642,2664,2622,2638,1409000,2638
2014-03-14,2656,2696,2651,2665,2963500,2665
2014-03-13,2737,2777,2717,2728,1935600,2728
2014-03-12,2796,2805,2752,2760,1789400,2760
2014-03-11,2881,2896,2833,2854,838400,2854
2014-03-10,2899,2911,2857,2877,2011100,2877
2014-03-07,2883,2963,2861,2933,2650800,2933
2014-03-06,2848,2860,2795,2835,4078800,2835
2014-03-05,2860,2896,2843,2870,3733300,2870
2014-03-04,2930,2945,2817,2832,5995500,2832
2014-03-03,2980,3020,2931,2968,3272800,2968
2014-02-28,2901,2979,2883,2971,3529100,2971
2014-02-27,2955,2968,2912,2925,1862000,2925
2014-02-26,2968,3030,2952,2985,2070600,2985
2014-02-25,2970,2990,2950,2979,1708400,2979
2014-02-24,2928,2973,2899,2944,1640300,2944
2014-02-21,2916,2936,2897,2925,1221600,2925
2014-02-20,2899,2926,2877,2896,2310500,2896
2014-02-19,2885,2914,2855,2910,1326500,2910
2014-02-18,2800,2890,2796,2885,1735800,2885
2014-02-17,2782,2850,2756,2789,1534500,2789
2014-02-14,2742,2799,2726,2758,1478500,2758
2014-02-13,2787,2798,2723,2734,1476200,2734
2014-02-12,2732,2778,2731,2766,2344000,2766
2014-02-10,2737,2738,2675,2698,1014300,2698
2014-02-07,2720,2745,2660,2691,1438400,2691
2014-02-06,2664,2688,2635,2659,1203600,2659
2014-02-05,2586,2644,2575,2638,1817800,2638
2014-02-04,2565,2679,2560,2568,2542900,2568
2014-02-03,2662,2725,2600,2700,2651100,2700
2014-01-31,2699,2723,2650,2671,1433200,2671
2014-01-30,2685,2685,2632,2645,1808500,2645
2014-01-29,2717,2735,2688,2719,1181100,2719
2014-01-28,2689,2739,2675,2683,1395300,2683
2014-01-27,2650,2719,2650,2691,1694600,2691
2014-01-24,2750,2823,2711,2779,2283800,2779
2014-01-23,2877,2883,2772,2782,2872600,2782
2014-01-22,2900,2917,2872,2886,1550700,2886
2014-01-21,2946,2964,2909,2909,1245700,2909
2014-01-20,2950,2960,2925,2930,801600,2930
2014-01-17,2997,2997,2941,2950,2139400,2950
2014-01-16,2999,3040,2985,3030,1369400,3030
2014-01-15,2947,2971,2930,2968,1104500,2968
2014-01-14,2908,2972,2875,2917,1719800,2917
2014-01-10,2991,2992,2941,2973,1038300,2973
2014-01-09,3000,3010,2954,2991,2136700,2991
2014-01-08,2948,3060,2932,3035,1950300,3035
2014-01-07,2924,2959,2913,2920,1180600,2920
2014-01-06,2882,2941,2881,2923,1372800,2923
2013-12-30,2907,2918,2877,2883,1053500,2883
2013-12-27,2855,2893,2846,2890,932300,2890
2013-12-26,2850,2861,2842,2852,889300,2852
2013-12-25,2810,2840,2803,2825,785600,2825
2013-12-24,2850,2875,2833,2842,1217100,2842
2013-12-20,2801,2844,2801,2835,1252400,2835
2013-12-19,2840,2860,2807,2820,2530400,2820
2013-12-18,2795,2832,2785,2816,1759500,2816
2013-12-17,2713,2795,2713,2795,2157900,2795
2013-12-16,2747,2760,2671,2682,1211700,2682
2013-12-13,2721,2771,2707,2746,2502700,2746
2013-12-12,2717,2737,2691,2735,3052600,2735
2013-12-11,2771,2778,2737,2751,1442400,2751
2013-12-10,2795,2837,2775,2784,2120200,2784
2013-12-09,2710,2800,2710,2798,2862400,2798
2013-12-06,2632,2700,2620,2697,2999800,2697
2013-12-05,2574,2624,2573,2611,2157500,2611
2013-12-04,2578,2608,2559,2574,2323200,2574
2013-12-03,2640,2647,2604,2608,1629000,2608
2013-12-02,2652,2660,2601,2617,1771800,2617
2013-11-29,2602,2658,2588,2651,2347400,2651
2013-11-28,2580,2622,2580,2620,1577100,2620
2013-11-27,2574,2575,2546,2557,1119300,2557
2013-11-26,2585,2615,2577,2591,1749500,2591
2013-11-25,2590,2606,2570,2605,2160000,2605
2013-11-22,2556,2586,2539,2586,2500600,2586
2013-11-21,2573,2575,2513,2543,2611800,2543
2013-11-20,2550,2585,2547,2579,2445900,2579
2013-11-19,2501,2535,2489,2528,3126700,2528
2013-11-18,2509,2513,2471,2500,2178200,2500
2013-11-15,2503,2515,2481,2502,2326000,2502
2013-11-14,2451,2510,2450,2479,3223700,2479
2013-11-13,2363,2436,2363,2429,2718200,2429
2013-11-12,2315,2384,2310,2380,3596100,2380
2013-11-11,2300,2314,2279,2299,1495900,2299
2013-11-08,2239,2265,2221,2259,1428500,2259
2013-11-07,2295,2295,2258,2277,1134000,2277
2013-11-06,2303,2313,2275,2293,1897400,2293
2013-11-05,2329,2343,2231,2266,1845700,2266
2013-11-01,2320,2320,2270,2307,1664400,2307
2013-10-31,2290,2314,2282,2298,1669400,2298
2013-10-30,2233,2288,2232,2281,2315400,2281
2013-10-29,2201,2229,2196,2221,871800,2221
2013-10-28,2220,2228,2185,2228,1012100,2228
2013-10-25,2186,2215,2175,2189,1738100,2189
2013-10-24,2193,2200,2135,2184,2316800,2184
2013-10-23,2219,2248,2210,2222,2986300,2222
2013-10-22,2195,2207,2167,2201,2929800,2201
2013-10-21,2131,2161,2123,2155,2581900,2155
2013-10-18,2078,2099,2055,2096,1282900,2096
2013-10-17,2079,2099,2060,2083,1684900,2083
2013-10-16,2042,2070,2036,2057,1268200,2057
2013-10-15,2009,2047,2003,2042,3072400,2042
2013-10-11,1975,1987,1958,1982,1444200,1982
2013-10-10,1934,1956,1917,1944,1450700,1944
2013-10-09,1915,1926,1880,1920,1362000,1920
2013-10-08,1904,1931,1890,1926,1061500,1926
2013-10-07,1971,1974,1910,1914,1388600,1914
2013-10-04,1991,1995,1961,1968,2862800,1968
2013-10-03,2040,2076,2010,2012,4611700,2012
2013-10-02,2100,2132,2034,2070,3045800,2070
2013-10-01,2055,2082,2050,2060,3426800,2060
2013-09-30,2018,2043,2009,2019,2918100,2019
2013-09-27,2140,2150,2022,2052,6494000,2052
2013-09-26,2033,2103,1994,2099,5008200,2099
2013-09-25,2066,2105,1987,2020,6413400,2020
2013-09-24,2144,2144,2033,2043,4374900,2043
2013-09-20,2185,2197,2158,2181,972400,2181
2013-09-19,2146,2171,2140,2171,951300,2171
2013-09-18,2128,2133,2108,2123,1159000,2123
2013-09-17,2126,2141,2109,2121,999100,2121
2013-09-13,2127,2163,2078,2106,2535000,2106
2013-09-12,2170,2175,2118,2142,1382000,2142
2013-09-11,2243,2245,2160,2175,2224000,2175
2013-09-10,2114,2160,2111,2146,1287300,2146
2013-09-09,2140,2143,2070,2086,944000,2086
2013-09-06,2096,2100,2040,2055,953500,2055
2013-09-05,2078,2090,2052,2078,1468300,2078
2013-09-04,2019,2064,2012,2058,1280900,2058
2013-09-03,2032,2048,2003,2019,950200,2019
2013-09-02,2001,2019,1971,1996,1234200,1996
2013-08-30,2004,2011,1978,1989,1947800,1989
2013-08-29,2008,2037,1992,2033,1858300,2033
2013-08-28,2051,2078,2031,2058,1186700,2058
2013-08-27,2111,2119,2080,2086,1341400,2086
2013-08-26,2166,2183,2114,2124,1050600,2124
2013-08-23,2148,2175,2138,2149,1264800,2149
2013-08-22,2075,2125,2060,2101,1333500,2101
2013-08-21,2070,2117,2057,2094,1371200,2094
2013-08-20,2111,2119,2049,2052,1370800,2052
2013-08-19,2091,2149,2091,2122,1197800,2122
2013-08-16,2085,2109,2055,2074,2615000,2074
2013-08-15,2145,2150,2105,2113,1445300,2113
2013-08-14,2200,2200,2144,2163,1533900,2163
2013-08-13,2183,2201,2153,2186,1729200,2186
2013-08-12,2207,2220,2162,2182,1523000,2182
2013-08-09,2289,2312,2233,2241,1478000,2241
2013-08-08,2313,2356,2281,2286,943800,2286
2013-08-07,2338,2391,2329,2329,1423100,2329
2013-08-06,2423,2423,2302,2365,2210500,2365
2013-08-05,2478,2520,2408,2422,2214200,2422
2013-08-02,2440,2474,2417,2474,775300,2474
2013-08-01,2311,2418,2309,2418,1156700,2418
2013-07-31,2287,2332,2266,2302,702200,2302
2013-07-30,2286,2333,2251,2315,774700,2315
2013-07-29,2305,2343,2277,2307,913700,2307
2013-07-26,2397,2397,2336,2345,946400,2345
2013-07-25,2478,2491,2420,2430,841700,2430
2013-07-24,2478,2500,2455,2471,1327100,2471
2013-07-23,2406,2500,2398,2481,1991300,2481
2013-07-22,2434,2438,2382,2410,697900,2410
2013-07-19,2400,2455,2385,2399,1844100,2399
2013-07-18,2356,2384,2347,2379,493100,2379
2013-07-17,2358,2394,2340,2355,1238000,2355
2013-07-16,2382,2394,2356,2373,1233200,2373
2013-07-12,2350,2388,2318,2382,1400100,2382
2013-07-11,2270,2323,2266,2314,1491000,2314
2013-07-10,2334,2350,2270,2290,1477400,2290
2013-07-09,2366,2372,2325,2335,1079800,2335
2013-07-08,2415,2420,2336,2336,1277900,2336
2013-07-05,2444,2449,2378,2383,1344300,2383
2013-07-04,2395,2449,2383,2444,943200,2444
2013-07-03,2386,2415,2377,2407,756800,2407
2013-07-02,2430,2440,2360,2384,1702600,2384
2013-07-01,2459,2472,2367,2389,2247900,2389
2013-06-28,2388,2438,2383,2417,1394600,2417
2013-06-27,2277,2337,2255,2332,947400,2332
2013-06-26,2353,2353,2237,2247,999900,2247
2013-06-25,2309,2337,2284,2320,1099300,2320
2013-06-24,2350,2357,2304,2324,912600,2324
2013-06-21,2223,2326,2215,2313,1350900,2313
2013-06-20,2350,2363,2270,2309,1522300,2309
2013-06-19,2400,2453,2387,2414,1035400,2414
2013-06-18,2388,2398,2340,2373,861300,2373
2013-06-17,2265,2370,2261,2368,999700,2368
2013-06-14,2270,2339,2233,2295,2261400,2295
2013-06-13,2242,2248,2165,2187,1096400,2187
2013-06-12,2273,2335,2263,2314,967600,2314
2013-06-11,2322,2381,2306,2344,934000,2344
2013-06-10,2212,2321,2212,2316,1076400,2316
2013-06-07,2200,2255,2173,2212,1257300,2212
2013-06-06,2271,2336,2237,2254,986800,2254
2013-06-05,2423,2454,2329,2330,1149400,2330
2013-06-04,2384,2440,2358,2420,1503000,2420
2013-06-03,2440,2440,2352,2358,1428900,2358
2013-05-31,2400,2475,2378,2442,2685900,2442
2013-05-30,2320,2371,2270,2281,1278600,2281
2013-05-29,2330,2394,2297,2357,1550900,2357
2013-05-28,2237,2273,2192,2249,1147400,2249
2013-05-27,2287,2292,2232,2251,1055200,2251
2013-05-24,2338,2408,2266,2346,1787600,2346
2013-05-23,2498,2505,2338,2347,2045600,2347
2013-05-22,2487,2502,2457,2480,924200,2480
2013-05-21,2558,2560,2479,2485,1683000,2485
2013-05-20,2637,2637,2580,2581,847300,2581
2013-05-17,2554,2615,2547,2588,1745100,2588
2013-05-16,2550,2565,2500,2556,1980600,2556
2013-05-15,2485,2545,2456,2527,2132400,2527
2013-05-14,2472,2518,2421,2454,1789200,2454
2013-05-13,2495,2495,2406,2467,1415500,2467
2013-05-10,2490,2542,2452,2492,2705000,2492
2013-05-09,2338,2384,2325,2365,1731200,2365
2013-05-08,2380,2394,2286,2304,2692900,2304
2013-05-07,2244,2393,2243,2293,3176400,2293
2013-05-02,2161,2229,2158,2209,1282100,2209
2013-05-01,2163,2195,2145,2184,824900,2184
2013-04-30,2188,2200,2174,2189,1138000,2189
2013-04-26,2190,2190,2147,2158,952800,2158
2013-04-25,2118,2190,2118,2174,1707400,2174
2013-04-24,2127,2157,2104,2127,819800,2127
2013-04-23,2105,2154,2105,2122,1383500,2122
2013-04-22,2040,2154,2037,2130,3985600,2130
2013-04-19,1928,2030,1916,1996,2583200,1996
2013-04-18,1945,1951,1927,1927,1327600,1927
2013-04-17,1988,1992,1932,1944,2003400,1944
2013-04-16,1981,2012,1971,1994,1709500,1994
2013-04-15,2020,2037,2009,2028,1670000,2028
2013-04-12,2046,2070,2035,2048,1636100,2048
2013-04-11,2068,2095,2048,2078,1815200,2078
2013-04-10,1985,2052,1958,2050,2808000,2050
2013-04-09,1925,1986,1908,1984,3314200,1984
2013-04-08,1829,1881,1826,1865,2406500,1865
2013-04-05,1890,1890,1784,1789,4226200,1789
2013-04-04,1753,1819,1732,1819,2253100,1819
2013-04-03,1776,1781,1739,1755,1368600,1755
2013-04-02,1792,1797,1745,1767,1716400,1767
2013-04-01,1860,1861,1813,1815,856900,1815
2013-03-29,1876,1884,1841,1858,1233400,1858
2013-03-28,1890,1896,1848,1872,1598200,1872
2013-03-27,1900,1935,1894,1897,2037300,1897
2013-03-26,1917,1936,1916,1919,775800,1919
2013-03-25,1932,1940,1923,1923,657200,1923
2013-03-22,1968,1968,1915,1916,1112700,1916
2013-03-21,1956,1979,1939,1958,1623500,1958
2013-03-19,1974,2003,1951,1955,1523600,1955
2013-03-18,1990,1990,1955,1964,1044800,1964
2013-03-15,1978,1994,1954,1991,1866200,1991
2013-03-14,1930,1963,1914,1952,2399200,1952
2013-03-13,1926,1928,1890,1896,1681400,1896
2013-03-12,1940,1960,1917,1919,1832400,1919
2013-03-11,1938,1953,1922,1935,1484900,1935
2013-03-08,1917,1929,1912,1920,2097400,1920
2013-03-07,1936,1949,1918,1924,1318900,1924
2013-03-06,1938,1958,1932,1942,1196400,1942
2013-03-05,1943,1946,1916,1918,1481400,1918
2013-03-04,1924,1943,1922,1925,1088700,1925
2013-03-01,1924,1962,1907,1917,3170700,1917
2013-02-28,1879,1904,1862,1900,1432300,1900
2013-02-27,1891,1894,1858,1864,2524500,1864
2013-02-26,1937,1960,1902,1903,2225200,1903
2013-02-25,2017,2023,1965,1970,1574200,1970
2013-02-22,2003,2025,1977,2004,883200,2004
2013-02-21,1995,2034,1986,2003,887500,2003
2013-02-20,2030,2040,1997,2010,1083200,2010
2013-02-19,2012,2036,2009,2027,591400,2027
2013-02-18,2010,2042,2002,2020,980800,2020
2013-02-15,2028,2036,1969,1995,1150100,1995
2013-02-14,1993,2031,1964,2017,1839800,2017
2013-02-13,1973,2047,1969,1984,1588700,1984
2013-02-12,1945,1974,1926,1959,1174600,1959
2013-02-08,1930,1951,1914,1923,1649000,1923
2013-02-07,1957,1969,1927,1935,2199600,1935
2013-02-06,1992,2042,1961,1965,2833100,1965
2013-02-05,2000,2040,1948,1952,2489100,1952
2013-02-04,2146,2164,2053,2070,1576600,2070
2013-02-01,2130,2144,2108,2110,772500,2110
2013-01-31,2119,2147,2116,2124,816400,2124
2013-01-30,2108,2128,2095,2124,715100,2124
2013-01-29,2100,2122,2096,2106,622100,2106
2013-01-28,2150,2150,2097,2100,754200,2100
2013-01-25,2110,2129,2102,2128,653200,2128
2013-01-24,2050,2115,2050,2085,1147400,2085
2013-01-23,2050,2080,2044,2056,584200,2056
2013-01-22,2084,2094,2059,2078,1065200,2078
2013-01-21,2097,2124,2078,2098,698300,2098
2013-01-18,2091,2121,2060,2096,2167900,2096
2013-01-17,2000,2098,1981,2091,3896200,2091
2013-01-16,2025,2027,1983,1999,1272900,1999
2013-01-15,1974,2028,1964,2025,2074300,2025
2013-01-11,1995,1997,1941,1951,1581300,1951
2013-01-10,2000,2003,1976,1990,1306700,1990
2013-01-09,2000,2019,1992,2006,1051100,2006
2013-01-08,2000,2021,1988,1996,1197200,1996
2013-01-07,1980,2020,1980,2002,1122700,2002
2013-01-04,1965,1975,1947,1975,992500,1975
2012-12-28,1927,1929,1890,1917,851900,1917
2012-12-27,1920,1941,1908,1920,1095000,1920
2012-12-26,1876,1905,1870,1904,890700,1904
2012-12-25,1890,1898,1868,1878,902400,1878
2012-12-21,1906,1918,1865,1865,1333100,1865
2012-12-20,1876,1911,1875,1896,1417700,1896
2012-12-19,1845,1860,1826,1859,1166500,1859
2012-12-18,1829,1842,1813,1813,894500,1813
2012-12-17,1840,1843,1816,1829,766800,1829
2012-12-14,1780,1826,1780,1813,1239000,1813
2012-12-13,1828,1828,1790,1790,711900,1790
2012-12-12,1830,1834,1808,1812,847000,1812
2012-12-11,1824,1835,1789,1799,641900,1799
2012-12-10,1799,1815,1786,1814,624200,1814
2012-12-07,1809,1825,1800,1801,846300,1801
2012-12-06,1795,1819,1790,1803,1434800,1803
2012-12-05,1744,1784,1744,1767,1103600,1767
2012-12-04,1744,1764,1734,1744,940000,1744
2012-12-03,1753,1758,1735,1746,963200,1746
2012-11-30,1731,1762,1729,1746,1886800,1746
2012-11-29,1735,1737,1721,1729,1097800,1729
2012-11-28,1697,1733,1695,1725,969200,1725
2012-11-27,1695,1724,1693,1698,1912900,1698
2012-11-26,1761,1765,1699,1703,1575600,1703
2012-11-22,1762,1770,1728,1742,1077900,1742
2012-11-21,1741,1753,1718,1730,847600,1730
2012-11-20,1730,1740,1710,1715,1619500,1715
2012-11-19,1781,1789,1736,1744,1494500,1744
2012-11-16,1766,1782,1744,1778,1625200,1778
2012-11-15,1726,1758,1709,1755,1412800,1755
2012-11-14,1684,1727,1682,1715,2358400,1715
2012-11-13,1650,1676,1648,1671,1770200,1671
2012-11-12,1617,1657,1616,1648,1308500,1648
2012-11-09,1620,1638,1610,1633,1614500,1633
2012-11-08,1652,1671,1621,1634,1733100,1634
2012-11-07,1685,1710,1654,1678,1462200,1678
2012-11-06,1729,1729,1682,1710,1366100,1710
2012-11-05,1747,1770,1728,1738,1256400,1738
2012-11-02,1778,1787,1748,1771,1039300,1771
2012-11-01,1785,1785,1758,1773,618500,1773
2012-10-31,1770,1778,1746,1765,827600,1765
2012-10-30,1799,1800,1738,1741,1615000,1741
2012-10-29,1785,1794,1770,1791,829500,1791
2012-10-26,1783,1819,1782,1784,1176900,1784
2012-10-25,1788,1788,1768,1784,1248000,1784
2012-10-24,1770,1815,1763,1783,1700600,1783
2012-10-23,1738,1766,1737,1744,884100,1744
2012-10-22,1705,1737,1699,1727,1088600,1727
2012-10-19,1744,1769,1729,1737,1033500,1737
2012-10-18,1780,1782,1753,1767,1058500,1767
2012-10-17,1753,1777,1742,1775,1372900,1775
2012-10-16,1755,1787,1712,1728,2378600,1728
2012-10-15,1711,1739,1655,1674,2174400,1674
2012-10-12,1747,1770,1736,1740,1626600,1740
2012-10-11,1752,1770,1726,1768,1556500,1768
2012-10-10,1798,1799,1770,1782,1185700,1782
2012-10-09,1799,1826,1790,1798,1060300,1798
2012-10-05,1787,1808,1748,1800,1684100,1800
2012-10-04,1806,1827,1795,1800,1138800,1800
2012-10-03,1847,1853,1817,1823,1158100,1823
2012-10-02,1819,1855,1803,1824,1354400,1824
2012-10-01,1885,1885,1834,1848,1253200,1848
2012-09-28,1850,1885,1847,1862,1540000,1862
2012-09-27,1819,1862,1795,1858,1497500,1858
2012-09-26,1872,1897,1824,1830,1759200,1830
2012-09-25,1841,1852,1832,1852,1264500,1852
2012-09-24,1835,1844,1793,1811,1892200,1811
2012-09-21,1825,1853,1823,1843,2050300,1843
2012-09-20,1815,1826,1810,1821,1439700,1821
2012-09-19,1808,1828,1804,1821,1574900,1821
2012-09-18,1788,1803,1777,1800,1390100,1800
2012-09-14,1810,1829,1787,1788,1648000,1788
2012-09-13,1760,1810,1758,1802,1485900,1802
2012-09-12,1722,1758,1720,1755,742000,1755
2012-09-11,1716,1724,1708,1721,705900,1721
2012-09-10,1722,1735,1713,1728,911300,1728
2012-09-07,1748,1749,1720,1734,862300,1734
2012-09-06,1709,1729,1705,1727,833200,1727
2012-09-05,1760,1778,1709,1716,1371400,1716
2012-09-04,1727,1734,1706,1728,988400,1728
2012-09-03,1709,1777,1709,1743,2080900,1743
2012-08-31,1682,1716,1673,1681,1176700,1681
2012-08-30,1712,1724,1693,1695,1132500,1695
2012-08-29,1704,1729,1701,1721,491300,1721
2012-08-28,1740,1761,1713,1716,1045800,1716
2012-08-27,1729,1736,1714,1721,718700,1721
2012-08-24,1691,1719,1681,1719,919200,1719
2012-08-23,1682,1722,1681,1716,1485300,1716
2012-08-22,1708,1709,1652,1687,1389100,1687
2012-08-21,1701,1726,1692,1715,1058700,1715
2012-08-20,1678,1695,1675,1684,765500,1684
2012-08-17,1663,1671,1640,1664,805900,1664
2012-08-16,1669,1685,1646,1663,935200,1663
2012-08-15,1668,1683,1656,1664,717500,1664
2012-08-14,1709,1718,1648,1659,2153100,1659
2012-08-13,1698,1706,1687,1695,431300,1695
2012-08-10,1714,1730,1704,1708,656600,1708
2012-08-09,1705,1728,1691,1715,750100,1715
2012-08-08,1694,1716,1678,1704,1093300,1704
2012-08-07,1694,1708,1673,1686,1480400,1686
2012-08-06,1641,1733,1639,1715,1549900,1715
2012-08-03,1620,1644,1612,1631,789800,1631
2012-08-02,1625,1653,1609,1639,731100,1639
2012-08-01,1631,1654,1622,1630,979200,1630
2012-07-31,1652,1661,1635,1645,768000,1645
2012-07-30,1657,1666,1643,1659,593400,1659
2012-07-27,1628,1644,1620,1644,1050700,1644
2012-07-26,1658,1668,1594,1619,1866000,1619
2012-07-25,1636,1666,1633,1655,1142700,1655
2012-07-24,1702,1709,1653,1655,1291300,1655
2012-07-23,1710,1726,1702,1702,1032300,1702
2012-07-20,1716,1754,1711,1726,1126900,1726
2012-07-19,1749,1774,1733,1740,998000,1740
2012-07-18,1747,1778,1739,1755,1205200,1755
2012-07-17,1735,1767,1719,1748,1023600,1748
2012-07-13,1726,1741,1713,1730,1245600,1730
2012-07-12,1720,1748,1713,1726,1131200,1726
2012-07-11,1722,1746,1704,1734,1825200,1734
2012-07-10,1693,1728,1682,1717,1961900,1717
2012-07-09,1652,1702,1649,1692,1993700,1692
2012-07-06,1660,1673,1627,1636,1072500,1636
2012-07-05,1678,1682,1651,1660,691000,1660
2012-07-04,1683,1693,1672,1678,638000,1678
2012-07-03,1656,1691,1653,1681,743500,1681
2012-07-02,1685,1686,1663,1669,736600,1669
2012-06-29,1677,1697,1656,1678,910400,1678
2012-06-28,1644,1693,1643,1676,1489500,1676
2012-06-27,1565,1644,1559,1644,1445800,1644
2012-06-26,1560,1581,1552,1560,1041900,1560
2012-06-25,1563,1596,1558,1580,874100,1580
2012-06-22,1561,1576,1539,1563,1121200,1563
2012-06-21,1575,1583,1565,1579,803600,1579
2012-06-20,1555,1581,1554,1574,806900,1574
2012-06-19,1548,1573,1538,1549,613500,1549
2012-06-18,1551,1583,1540,1548,916400,1548
2012-06-15,1551,1564,1528,1532,898900,1532
2012-06-14,1542,1552,1537,1545,417500,1545
2012-06-13,1530,1555,1525,1546,747900,1546
2012-06-12,1528,1535,1492,1526,795500,1526
2012-06-11,1559,1560,1500,1528,1160000,1528
2012-06-08,1563,1565,1505,1519,1551300,1519
2012-06-07,1547,1581,1545,1579,1919900,1579
2012-06-06,1510,1534,1491,1529,1838300,1529
2012-06-05,1431,1493,1428,1488,1687400,1488
2012-06-04,1412,1424,1382,1401,1098400,1401
2012-06-01,1434,1442,1413,1442,1258200,1442
2012-05-31,1419,1443,1405,1436,1336000,1436
2012-05-30,1470,1487,1427,1432,1511800,1432
2012-05-29,1393,1427,1376,1422,1017500,1422
2012-05-28,1424,1424,1374,1393,1767700,1393
2012-05-25,1431,1440,1408,1420,1090500,1420
2012-05-24,1419,1435,1403,1430,1195700,1430
2012-05-23,1465,1481,1408,1419,1783400,1419
2012-05-22,1445,1463,1442,1460,844000,1460
2012-05-21,1411,1443,1408,1431,619400,1431
2012-05-18,1425,1440,1413,1428,913400,1428
2012-05-17,1430,1462,1410,1450,885800,1450
2012-05-16,1445,1459,1425,1430,662800,1430
2012-05-15,1449,1475,1427,1464,1067700,1464
2012-05-14,1472,1486,1462,1468,535300,1468
2012-05-11,1515,1515,1469,1471,847800,1471
2012-05-10,1480,1521,1478,1491,1456600,1491
2012-05-09,1499,1502,1437,1450,1887700,1450
2012-05-08,1550,1564,1500,1519,2102200,1519
2012-05-07,1527,1579,1514,1554,2469200,1554
2012-05-02,1554,1559,1535,1551,854700,1551
2012-05-01,1574,1582,1536,1544,1383400,1544
2012-04-27,1611,1613,1564,1573,1554200,1573
2012-04-26,1602,1616,1590,1615,1720100,1615
2012-04-25,1561,1589,1561,1582,1859600,1582
2012-04-24,1533,1545,1528,1542,791200,1542
2012-04-23,1546,1546,1531,1532,807900,1532
2012-04-20,1564,1580,1545,1547,777100,1547
2012-04-19,1580,1580,1551,1563,900600,1563
2012-04-18,1577,1592,1565,1581,920000,1581
2012-04-17,1531,1567,1531,1554,914300,1554
2012-04-16,1549,1556,1531,1540,845400,1540
2012-04-13,1557,1570,1546,1556,1448800,1556
2012-04-12,1581,1586,1546,1556,1721800,1556
2012-04-11,1624,1624,1590,1593,1125500,1593
2012-04-10,1632,1659,1616,1646,1376300,1646
2012-04-09,1633,1650,1624,1624,753300,1624
2012-04-06,1640,1669,1626,1654,1359300,1654
2012-04-05,1669,1672,1647,1667,1228300,1667
2012-04-04,1708,1709,1668,1669,1170200,1669
2012-04-03,1723,1733,1714,1714,971200,1714
2012-04-02,1730,1752,1713,1713,1396500,1713
2012-03-30,1760,1769,1728,1733,1390300,1733
2012-03-29,1766,1776,1736,1750,1063500,1750
2012-03-28,1786,1786,1753,1774,868600,1774
2012-03-27,1774,1798,1770,1781,1053800,1781
2012-03-26,1740,1762,1740,1756,1060500,1756
2012-03-23,1760,1765,1735,1739,834500,1739
2012-03-22,1767,1774,1745,1756,1229500,1756
2012-03-21,1759,1787,1754,1780,2006000,1780
2012-03-19,1740,1758,1735,1751,1566000,1751
2012-03-16,1700,1729,1695,1723,1145500,1723
2012-03-15,1702,1703,1689,1691,995700,1691
2012-03-14,1700,1722,1680,1680,1563800,1680
2012-03-13,1700,1700,1672,1676,1207600,1676
2012-03-12,1696,1731,1685,1711,1395400,1711
2012-03-09,1684,1685,1670,1680,1321100,1680
2012-03-08,1655,1660,1636,1656,797500,1656
2012-03-07,1646,1662,1641,1644,1206100,1644
2012-03-06,1658,1670,1644,1658,1071900,1658
2012-03-05,1666,1676,1651,1657,968000,1657
2012-03-02,1686,1686,1659,1669,1195900,1669
2012-03-01,1695,1695,1653,1658,1591300,1658
2012-02-29,1700,1723,1688,1700,1819200,1700
2012-02-28,1677,1697,1669,1697,881100,1697
2012-02-27,1711,1711,1675,1677,1246400,1677
2012-02-24,1700,1711,1683,1695,1050100,1695
2012-02-23,1716,1717,1686,1689,1602000,1689
2012-02-22,1711,1731,1711,1720,1088700,1720
2012-02-21,1687,1719,1682,1700,1043100,1700
2012-02-20,1743,1749,1685,1694,2206700,1694
2012-02-17,1758,1759,1723,1737,1618600,1737
2012-02-16,1705,1737,1696,1736,1111300,1736
2012-02-15,1717,1737,1699,1705,1577800,1705
2012-02-14,1701,1706,1678,1698,997900,1698
2012-02-13,1679,1718,1669,1707,1844000,1707
2012-02-10,1648,1663,1633,1656,2021800,1656
2012-02-09,1632,1665,1627,1650,901800,1650
2012-02-08,1676,1677,1627,1638,1949500,1638
2012-02-07,1627,1688,1618,1678,4138100,1678
2012-02-06,1543,1557,1495,1550,2780500,1550
2012-02-03,1553,1559,1512,1518,1307000,1518
2012-02-02,1536,1558,1533,1541,634500,1541
2012-02-01,1566,1576,1529,1535,1919800,1535
2012-01-31,1551,1590,1550,1576,863500,1576
2012-01-30,1577,1580,1558,1570,824100,1570
2012-01-27,1603,1608,1585,1585,685800,1585
2012-01-26,1610,1626,1590,1595,1164500,1595
2012-01-25,1588,1599,1577,1590,702100,1590
2012-01-24,1597,1598,1572,1580,1053500,1580
2012-01-23,1580,1603,1562,1601,1282500,1601
2012-01-20,1560,1596,1548,1593,2090300,1593
2012-01-19,1585,1590,1526,1537,1733900,1537
2012-01-18,1568,1600,1561,1575,1495300,1575
2012-01-17,1493,1575,1488,1574,2781900,1574
2012-01-16,1462,1491,1440,1490,1221800,1490
2012-01-13,1469,1478,1456,1462,814300,1462
2012-01-12,1477,1485,1458,1466,1277400,1466
2012-01-11,1476,1491,1468,1476,1507800,1476
2012-01-10,1459,1496,1459,1475,1144500,1475
2012-01-06,1456,1456,1431,1448,805900,1448
2012-01-05,1464,1484,1452,1455,1371600,1455
2012-01-04,1494,1498,1466,1477,1534300,1477
2011-12-30,1452,1479,1448,1475,766100,1475
2011-12-29,1440,1445,1430,1440,751600,1440
2011-12-28,1437,1472,1435,1447,1563600,1447
2011-12-27,1430,1441,1423,1423,754300,1423
2011-12-26,1464,1468,1426,1435,1249400,1435
2011-12-22,1427,1435,1397,1412,1381200,1412
2011-12-21,1418,1422,1409,1422,822500,1422
2011-12-20,1408,1419,1402,1410,1166400,1410
2011-12-19,1438,1438,1407,1423,1109700,1423
2011-12-16,1435,1455,1417,1452,1832900,1452
2011-12-15,1418,1435,1415,1423,980400,1423
2011-12-14,1440,1446,1420,1432,1272900,1432
2011-12-13,1454,1460,1436,1441,1559200,1441
2011-12-12,1546,1548,1473,1477,1812100,1477
2011-12-09,1461,1498,1460,1490,1624300,1490
2011-12-08,1470,1490,1451,1485,1919800,1485
2011-12-07,1462,1500,1446,1500,1471800,1500
2011-12-06,1538,1538,1484,1490,1712600,1490
2011-12-05,1500,1558,1495,1550,2541300,1550
2011-12-02,1442,1472,1433,1470,1530400,1470
2011-12-01,1478,1486,1422,1427,2544800,1427
2011-11-30,1424,1448,1416,1447,2040000,1447
2011-11-29,1468,1470,1419,1437,1978700,1437
2011-11-28,1484,1493,1460,1467,1113000,1467
2011-11-25,1426,1459,1420,1443,1083200,1443
2011-11-24,1450,1482,1410,1449,1512500,1449
2011-11-22,1500,1506,1461,1484,1253500,1484
2011-11-21,1528,1528,1497,1511,1217500,1511
2011-11-18,1545,1553,1531,1539,1050400,1539
2011-11-17,1532,1566,1507,1563,1633400,1563
2011-11-16,1501,1533,1500,1512,1191400,1512
2011-11-15,1540,1565,1535,1546,807600,1546
2011-11-14,1549,1569,1534,1537,522300,1537
2011-11-11,1534,1563,1524,1534,906300,1534
2011-11-10,1513,1547,1494,1543,1358400,1543
2011-11-09,1552,1592,1547,1560,1545500,1560
2011-11-08,1630,1657,1543,1551,3088800,1551
2011-11-07,1645,1739,1620,1734,2753200,1734
2011-11-04,1703,1710,1660,1668,1448800,1668
2011-11-02,1702,1726,1670,1704,2229100,1704
2011-11-01,1666,1729,1655,1713,2119900,1713
2011-10-31,1687,1687,1652,1655,1314900,1655
2011-10-28,1692,1699,1663,1673,2001700,1673
2011-10-27,1660,1688,1652,1687,1356200,1687
2011-10-26,1690,1690,1650,1663,1200700,1663
2011-10-25,1685,1691,1654,1677,1697600,1677
2011-10-24,1655,1693,1654,1684,1504400,1684
2011-10-21,1650,1656,1630,1650,928100,1650
2011-10-20,1660,1663,1632,1648,1421600,1648
2011-10-19,1647,1667,1630,1637,1288900,1637
2011-10-18,1630,1688,1600,1662,3007200,1662
2011-10-17,1675,1705,1638,1646,3818900,1646
2011-10-14,1720,1725,1623,1667,6056500,1667
2011-10-13,1797,1811,1740,1748,4548100,1748
2011-10-12,1716,1830,1715,1800,9997800,1800
2011-10-11,2047,2064,2025,2046,2040300,2046
2011-10-07,2073,2074,2023,2031,1870600,2031
2011-10-06,2088,2115,2060,2104,1253500,2104
2011-10-05,2120,2135,2080,2088,1819500,2088
2011-10-04,2200,2200,2106,2116,2697000,2116
2011-10-03,2148,2260,2135,2249,3368400,2249
2011-09-30,2120,2196,2101,2183,2088000,2183
2011-09-29,2122,2137,2100,2117,1626500,2117
2011-09-28,2071,2156,2057,2138,1657500,2138
2011-09-27,2048,2076,2033,2068,1654500,2068
2011-09-26,2000,2047,1990,2032,1355600,2032
2011-09-22,2012,2026,2004,2017,827600,2017
2011-09-21,2017,2053,2002,2039,1760700,2039
2011-09-20,1999,2018,1972,2018,1433100,2018
2011-09-16,2005,2024,1996,2007,1928500,2007
2011-09-15,2001,2017,1985,2001,1678500,2001
2011-09-14,1934,1995,1925,1990,1704600,1990
2011-09-13,1913,1945,1901,1937,1288700,1937
2011-09-12,1885,1913,1873,1910,949100,1910
2011-09-09,1929,1950,1919,1925,1394300,1925
2011-09-08,1889,1925,1889,1925,1136600,1925
2011-09-07,1865,1874,1842,1867,794700,1867
2011-09-06,1852,1861,1830,1836,687600,1836
2011-09-05,1880,1880,1844,1852,1308800,1852
2011-09-02,1940,1940,1885,1897,1333400,1897
2011-09-01,1950,1950,1923,1941,768500,1941
2011-08-31,1920,1936,1910,1933,725600,1933
2011-08-30,1915,1948,1906,1918,990700,1918
2011-08-29,1924,1943,1905,1923,674400,1923
2011-08-26,1915,1936,1904,1919,669200,1919
2011-08-25,1911,1939,1911,1916,1208600,1916
2011-08-24,1913,1922,1890,1896,595900,1896
2011-08-23,1899,1924,1885,1896,877700,1896
2011-08-22,1900,1939,1874,1880,1134100,1880
2011-08-19,1859,1906,1857,1899,1059400,1899
2011-08-18,1938,1940,1898,1899,653300,1899
2011-08-17,1937,1941,1912,1927,635700,1927
2011-08-16,1957,1967,1929,1937,806200,1937
2011-08-15,1924,1969,1920,1962,1245700,1962
2011-08-12,1910,1919,1861,1884,1210900,1884
2011-08-11,1822,1888,1822,1870,2246900,1870
2011-08-10,1870,1870,1849,1850,1107600,1850
2011-08-09,1813,1851,1762,1847,1414200,1847
2011-08-08,1899,1907,1865,1869,1351300,1869
2011-08-05,1879,1938,1855,1938,2210000,1938
2011-08-04,1975,1985,1905,1925,1678400,1925
2011-08-03,1945,1970,1935,1964,1418300,1964
2011-08-02,1935,1996,1923,1982,1922700,1982
2011-08-01,1944,1970,1924,1939,1409900,1939
2011-07-29,1914,1928,1907,1927,1082200,1927
2011-07-28,1900,1930,1898,1913,1828400,1913
2011-07-27,1911,1928,1895,1928,2045000,1928
2011-07-26,1921,1929,1901,1911,1845600,1911
2011-07-25,1949,1950,1924,1930,900400,1930
2011-07-22,1955,1967,1950,1954,996300,1954
2011-07-21,1984,1985,1951,1955,846700,1955
2011-07-20,1994,1998,1971,1977,776800,1977
2011-07-19,2004,2006,1978,1987,1237800,1987
2011-07-15,1972,1988,1960,1980,1189600,1980
2011-07-14,1981,1988,1965,1968,1036100,1968
2011-07-13,1995,2007,1991,1994,894100,1994
2011-07-12,2010,2018,1996,2002,1341100,2002
2011-07-11,2015,2026,2007,2023,786800,2023
2011-07-08,2060,2065,2014,2014,1127800,2014
2011-07-07,2035,2053,2032,2035,1757800,2035
2011-07-06,2010,2027,1994,2015,1350500,2015
2011-07-05,2043,2044,1984,1993,1843400,1993
2011-07-04,2068,2084,2051,2053,1164600,2053
2011-07-01,2069,2082,2032,2052,1050300,2052
2011-06-30,2084,2085,2053,2068,1286000,2068
2011-06-29,2052,2070,2043,2070,1501900,2070
2011-06-28,2020,2034,2010,2019,1577400,2019
2011-06-27,2035,2035,2002,2006,1134200,2006
2011-06-24,1995,2007,1979,2001,848100,2001
2011-06-23,1998,2001,1970,1970,895200,1970
2011-06-22,1985,2012,1972,1997,1222300,1997
2011-06-21,1938,1973,1924,1969,776500,1969
2011-06-20,1926,1944,1914,1916,670900,1916
2011-06-17,1967,1968,1915,1919,786100,1919
2011-06-16,1955,1983,1951,1966,776900,1966
2011-06-15,1993,1997,1961,1975,977400,1975
2011-06-14,1945,1978,1938,1978,1550900,1978
2011-06-13,1905,1947,1891,1944,1381000,1944
2011-06-10,1874,1935,1871,1931,2120300,1931
2011-06-09,1883,1896,1863,1873,1654300,1873
2011-06-08,1919,1930,1904,1916,765200,1916
2011-06-07,1896,1911,1883,1910,985900,1910
2011-06-06,1917,1938,1902,1914,1415700,1914
2011-06-03,1920,1937,1900,1910,1070800,1910
2011-06-02,1926,1939,1922,1922,1189000,1922
2011-06-01,1966,1975,1950,1966,1548000,1966
2011-05-31,1969,1981,1953,1981,2336900,1981
2011-05-30,1966,1983,1943,1970,1106300,1970
2011-05-27,2004,2008,1960,1966,1440000,1966
2011-05-26,2030,2034,1991,2014,1403900,2014
2011-05-25,2025,2026,1986,1995,1524400,1995
2011-05-24,2007,2033,1991,2024,1148300,2024
2011-05-23,2040,2040,2007,2019,1088600,2019
2011-05-20,2024,2054,2012,2039,1634700,2039
2011-05-19,2072,2074,2011,2020,1621900,2020
2011-05-18,2051,2066,2023,2057,1340100,2057
2011-05-17,2045,2075,2016,2069,1460800,2069
2011-05-16,2044,2067,2021,2056,863400,2056
2011-05-13,2083,2100,2068,2081,1826400,2081
2011-05-12,2078,2092,2068,2084,1122400,2084
2011-05-11,2099,2112,2065,2077,2041100,2077
2011-05-10,2067,2103,2067,2103,2611600,2103
2011-05-09,2045,2051,2021,2048,1789700,2048
2011-05-06,1989,2047,1980,2035,1845600,2035
2011-05-02,1972,2049,1949,1998,2417600,1998
2011-04-28,1900,1944,1884,1944,1208700,1944
2011-04-27,1895,1917,1881,1896,1028400,1896
2011-04-26,1916,1916,1891,1902,865500,1902
2011-04-25,1899,1933,1886,1893,887200,1893
2011-04-22,1884,1903,1857,1898,1284600,1898
2011-04-21,1912,1915,1883,1899,1245500,1899
2011-04-20,1938,1941,1912,1912,785700,1912
2011-04-19,1910,1936,1909,1921,877800,1921
2011-04-18,1952,1972,1931,1931,1407100,1931
2011-04-15,2000,2007,1960,1965,1596700,1965
2011-04-14,2005,2034,1991,2023,1528800,2023
2011-04-13,2004,2028,1986,2003,1836200,2003
2011-04-12,2000,2047,1990,2045,2415600,2045
2011-04-11,2040,2053,2011,2031,1466400,2031
2011-04-08,2077,2077,2031,2046,2515700,2046
2011-04-07,2098,2131,2087,2109,1251700,2109
2011-04-06,2142,2143,2067,2082,1306900,2082
2011-04-05,2175,2176,2135,2157,1237700,2157
2011-04-04,2157,2175,2135,2172,1482800,2172
2011-04-01,2200,2210,2120,2133,1659700,2133
2011-03-31,2141,2160,2121,2160,1767100,2160
2011-03-30,2075,2103,2042,2099,829900,2099
2011-03-29,2070,2077,2035,2062,1415300,2062
2011-03-28,2100,2107,2058,2076,1714200,2076
2011-03-25,2149,2149,2054,2065,1893400,2065
2011-03-24,2150,2153,2096,2119,1843700,2119
2011-03-23,2114,2178,2104,2153,2612800,2153
2011-03-22,2013,2111,2000,2102,2149800,2102
2011-03-18,1962,1984,1895,1936,2616100,1936
2011-03-17,1954,1982,1904,1958,1927700,1958
2011-03-16,1932,2013,1920,2004,3310900,2004
2011-03-15,1932,1971,1710,1876,2355800,1876
2011-03-14,2060,2180,1975,1990,3613600,1990
2011-03-11,2013,2015,1990,2010,1944100,2010
2011-03-10,2034,2045,1997,2020,1616500,2020
2011-03-09,2014,2027,1999,2009,1415200,2009
2011-03-08,2031,2031,2003,2010,1267200,2010
2011-03-07,2075,2075,2020,2034,1659200,2034
2011-03-04,2056,2096,2056,2076,2070600,2076
2011-03-03,1998,2016,1986,2006,988000,2006
2011-03-02,2011,2020,1978,1978,999000,1978
2011-03-01,1990,2046,1990,2040,1639000,2040
2011-02-28,1942,1992,1938,1988,1935100,1988
2011-02-25,1902,1933,1902,1925,871800,1925
2011-02-24,1915,1920,1890,1892,904400,1892
2011-02-23,1911,1936,1909,1929,1576400,1929
2011-02-22,1929,1938,1911,1932,859300,1932
2011-02-21,1922,1943,1908,1941,765900,1941
2011-02-18,1933,1935,1918,1928,893700,1928
2011-02-17,1927,1946,1918,1945,1106600,1945
2011-02-16,1930,1946,1921,1930,1014400,1930
2011-02-15,1900,1928,1882,1925,1044000,1925
2011-02-14,1888,1924,1883,1906,1523400,1906
2011-02-10,1837,1872,1832,1864,1226500,1864
2011-02-09,1848,1864,1822,1830,1154000,1830
2011-02-08,1827,1834,1815,1824,657400,1824
2011-02-07,1829,1840,1805,1814,1252900,1814
2011-02-04,1808,1830,1806,1809,958400,1809
2011-02-03,1782,1808,1775,1789,1181500,1789
2011-02-02,1805,1826,1797,1808,867800,1808
2011-02-01,1792,1822,1784,1801,1608000,1801
2011-01-31,1789,1816,1754,1794,3018400,1794
2011-01-28,1884,1892,1840,1850,1500400,1850
2011-01-27,1876,1890,1867,1884,683800,1884
2011-01-26,1883,1895,1876,1876,863500,1876
2011-01-25,1878,1882,1867,1878,1261900,1878
2011-01-24,1855,1868,1845,1866,1352100,1866
2011-01-21,1854,1870,1826,1834,1314300,1834
2011-01-20,1830,1851,1830,1844,956600,1844
2011-01-19,1843,1859,1830,1840,1031300,1840
2011-01-18,1834,1854,1831,1843,1042800,1843
2011-01-17,1824,1840,1813,1825,926200,1825
2011-01-14,1824,1832,1812,1812,798400,1812
2011-01-13,1819,1821,1798,1815,710500,1815
2011-01-12,1794,1818,1794,1800,1032700,1800
2011-01-11,1787,1787,1768,1783,632000,1783
2011-01-07,1782,1791,1767,1788,902300,1788
2011-01-06,1780,1792,1766,1782,1064200,1782
2011-01-05,1800,1800,1771,1782,766700,1782
2011-01-04,1809,1809,1791,1796,606800,1796
2010-12-30,1791,1797,1768,1787,549400,1787
2010-12-29,1790,1801,1774,1801,700300,1801
2010-12-28,1805,1806,1792,1798,472700,1798
2010-12-27,1806,1808,1796,1804,943900,1804
2010-12-24,1801,1804,1785,1795,967000,1795
2010-12-22,1806,1823,1795,1808,1391900,1808
2010-12-21,1799,1818,1797,1813,1115200,1813
2010-12-20,1800,1840,1789,1799,1451300,1799
2010-12-17,1795,1798,1773,1780,1275700,1780
2010-12-16,1763,1814,1751,1798,2829000,1798
2010-12-15,1708,1744,1704,1736,1380000,1736
2010-12-14,1694,1728,1693,1719,1371700,1719
2010-12-13,1677,1687,1669,1680,868100,1680
2010-12-10,1708,1710,1665,1677,2186800,1677
2010-12-09,1643,1676,1642,1668,1439500,1668
2010-12-08,1608,1633,1608,1633,910200,1633
2010-12-07,1602,1618,1598,1605,1038800,1605
2010-12-06,1580,1605,1577,1597,1103600,1597
2010-12-03,1585,1590,1573,1585,556500,1585
2010-12-02,1590,1598,1579,1585,1137900,1585
2010-12-01,1554,1577,1538,1577,1319500,1577
2010-11-30,1558,1559,1542,1545,904500,1545
2010-11-29,1544,1564,1541,1549,957700,1549
2010-11-26,1550,1566,1541,1557,907100,1557
2010-11-25,1555,1561,1532,1539,887900,1539
2010-11-24,1560,1572,1532,1543,1448800,1543
2010-11-22,1614,1617,1563,1572,2152200,1572
2010-11-19,1632,1640,1604,1614,875400,1614
2010-11-18,1600,1628,1595,1628,760200,1628
2010-11-17,1583,1609,1580,1599,663300,1599
2010-11-16,1632,1640,1588,1604,820500,1604
2010-11-15,1626,1642,1612,1617,707100,1617
2010-11-12,1625,1637,1597,1612,645800,1612
2010-11-11,1630,1643,1612,1626,939800,1626
2010-11-10,1615,1652,1611,1645,1331900,1645
2010-11-09,1610,1615,1600,1614,920700,1614
2010-11-08,1615,1619,1609,1614,601700,1614
2010-11-05,1620,1637,1610,1615,1186700,1615
2010-11-04,1610,1610,1589,1597,1029500,1597
2010-11-02,1553,1600,1553,1581,1452700,1581
2010-11-01,1560,1575,1533,1552,1084800,1552
2010-10-29,1574,1598,1560,1584,1313400,1584
2010-10-28,1600,1604,1558,1592,2402900,1592
2010-10-27,1534,1605,1517,1585,3735200,1585
2010-10-26,1547,1554,1523,1531,917300,1531
2010-10-25,1550,1561,1542,1548,841500,1548
2010-10-22,1577,1582,1553,1566,935900,1566
2010-10-21,1515,1583,1515,1577,2342400,1577
2010-10-20,1473,1560,1455,1535,2946600,1535
2010-10-19,1482,1498,1473,1484,1297200,1484
2010-10-18,1476,1486,1468,1478,966100,1478
2010-10-15,1501,1501,1465,1481,1286500,1481
2010-10-14,1469,1507,1460,1500,2746200,1500
2010-10-13,1495,1505,1444,1446,1827700,1446
2010-10-12,1534,1535,1485,1491,1725300,1491
2010-10-08,1488,1532,1487,1527,3069100,1527
2010-10-07,1584,1599,1430,1563,1886900,1563
2010-10-06,1618,1619,1579,1596,1625100,1596
2010-10-05,1605,1620,1560,1608,1082600,1608
2010-10-04,1666,1666,1598,1602,838800,1602
2010-10-01,1618,1668,1608,1660,1585600,1660
2010-09-30,1668,1678,1635,1637,803600,1637
2010-09-29,1670,1676,1650,1660,498800,1660
2010-09-28,1665,1686,1647,1657,421300,1657
2010-09-27,1676,1680,1661,1672,642800,1672
2010-09-24,1640,1680,1632,1653,1024400,1653
2010-09-22,1660,1665,1649,1651,589200,1651
2010-09-21,1669,1685,1652,1653,566800,1653
2010-09-17,1667,1679,1651,1663,655500,1663
2010-09-16,1703,1714,1655,1658,700500,1658
2010-09-15,1632,1698,1621,1689,1502500,1689
2010-09-14,1647,1647,1613,1619,925800,1619
2010-09-13,1674,1676,1644,1647,660800,1647
2010-09-10,1656,1689,1641,1666,1043800,1666
2010-09-09,1645,1645,1612,1639,463300,1639
2010-09-08,1648,1648,1607,1627,507300,1627
2010-09-07,1670,1674,1650,1659,484800,1659
2010-09-06,1665,1674,1646,1674,441400,1674
2010-09-03,1631,1653,1621,1645,478700,1645
2010-09-02,1638,1639,1608,1632,476700,1632
2010-09-01,1605,1622,1588,1621,771900,1621
2010-08-31,1655,1665,1601,1606,985100,1606
2010-08-30,1648,1673,1637,1657,711700,1657
2010-08-27,1582,1627,1574,1618,734600,1618
2010-08-26,1604,1604,1570,1603,584600,1603
2010-08-25,1576,1608,1565,1592,798800,1592
2010-08-24,1608,1608,1580,1593,824400,1593
2010-08-23,1636,1645,1607,1612,448000,1612
2010-08-20,1636,1641,1616,1630,675000,1630
2010-08-19,1655,1670,1654,1664,604000,1664
2010-08-18,1653,1665,1618,1653,928700,1653
2010-08-17,1641,1656,1636,1650,823300,1650
2010-08-16,1646,1672,1633,1670,789900,1670
2010-08-13,1659,1677,1648,1668,1061500,1668
2010-08-12,1647,1683,1645,1678,794300,1678
2010-08-11,1697,1707,1676,1685,779700,1685
2010-08-10,1778,1785,1724,1734,792700,1734
2010-08-09,1719,1780,1717,1775,1081500,1775
2010-08-06,1738,1748,1724,1747,817500,1747
2010-08-05,1749,1759,1735,1747,1047300,1747
2010-08-04,1737,1747,1691,1709,972000,1709
2010-08-03,1705,1749,1704,1735,1457200,1735
2010-08-02,1758,1773,1662,1675,1324800,1675
2010-07-30,1788,1790,1739,1743,785400,1743
2010-07-29,1778,1795,1775,1785,514000,1785
2010-07-28,1785,1807,1780,1802,1042900,1802
2010-07-27,1772,1788,1760,1777,419400,1777
2010-07-26,1779,1794,1770,1782,506500,1782
2010-07-23,1773,1780,1759,1770,735700,1770
2010-07-22,1748,1763,1745,1754,873300,1754
2010-07-21,1745,1755,1732,1747,693000,1747
2010-07-20,1711,1745,1704,1735,828200,1735
2010-07-16,1735,1738,1704,1713,850700,1713
2010-07-15,1737,1752,1728,1738,553900,1738
2010-07-14,1755,1764,1736,1743,623900,1743
2010-07-13,1735,1742,1721,1735,494900,1735
2010-07-12,1758,1758,1728,1730,348400,1730
2010-07-09,1755,1759,1737,1757,813800,1757
2010-07-08,1744,1774,1727,1747,869900,1747
2010-07-07,1696,1709,1679,1707,798000,1707
2010-07-06,1690,1713,1671,1712,677400,1712
2010-07-05,1689,1698,1674,1698,395300,1698
2010-07-02,1685,1699,1669,1686,371300,1686
2010-07-01,1686,1691,1670,1681,459800,1681
2010-06-30,1691,1710,1680,1706,679300,1706
2010-06-29,1761,1775,1720,1730,494300,1730
2010-06-28,1778,1778,1742,1752,447000,1752
2010-06-25,1759,1766,1751,1766,699600,1766
2010-06-24,1798,1802,1788,1789,803100,1789
2010-06-23,1832,1838,1798,1807,925600,1807
2010-06-22,1838,1847,1826,1832,679300,1832
2010-06-21,1837,1858,1834,1837,1091300,1837
2010-06-18,1796,1833,1796,1812,1394000,1812
2010-06-17,1791,1794,1775,1777,909800,1777
2010-06-16,1782,1796,1770,1791,747000,1791
2010-06-15,1780,1790,1758,1770,747600,1770
2010-06-14,1782,1793,1774,1788,823400,1788
2010-06-11,1793,1806,1756,1761,1711300,1761
2010-06-10,1760,1807,1752,1797,1357500,1797
2010-06-09,1750,1764,1736,1744,895800,1744
2010-06-08,1718,1750,1712,1744,960900,1744
2010-06-07,1770,1770,1734,1745,719200,1745
2010-06-04,1781,1789,1766,1782,1040400,1782
2010-06-03,1789,1798,1757,1796,821000,1796
2010-06-02,1758,1769,1736,1757,810100,1757
2010-06-01,1766,1776,1735,1772,614100,1772
2010-05-31,1731,1765,1728,1753,546300,1753
2010-05-28,1771,1776,1741,1755,1576900,1755
2010-05-27,1722,1751,1710,1747,1353300,1747
2010-05-26,1741,1758,1726,1741,1743500,1741
2010-05-25,1723,1738,1699,1712,1179200,1712
2010-05-24,1758,1775,1749,1763,1023800,1763
2010-05-21,1738,1796,1728,1752,1376400,1752
2010-05-20,1760,1792,1759,1778,1039800,1778
2010-05-19,1756,1785,1738,1785,1150100,1785
2010-05-18,1827,1827,1780,1790,1105200,1790
2010-05-17,1818,1821,1796,1810,1235300,1810
2010-05-14,1816,1840,1798,1826,1424600,1826
2010-05-13,1779,1819,1765,1815,1874200,1815
2010-05-12,1750,1787,1737,1778,2755000,1778
2010-05-11,1781,1782,1728,1733,1411000,1733
2010-05-10,1713,1763,1710,1759,1444000,1759
2010-05-07,1763,1801,1745,1786,1380600,1786
2010-05-06,1841,1841,1789,1803,1550100,1803
2010-04-30,1818,1905,1818,1856,1871600,1856
2010-04-28,1809,1814,1782,1809,947100,1809
2010-04-27,1846,1853,1830,1844,594300,1844
2010-04-26,1839,1862,1837,1844,697000,1844
2010-04-23,1820,1824,1806,1820,1021600,1820
2010-04-22,1830,1831,1804,1828,1643300,1828
2010-04-21,1898,1907,1816,1830,2456700,1830
2010-04-20,1861,1893,1859,1877,861600,1877
2010-04-19,1854,1873,1841,1868,1062800,1868
2010-04-16,1910,1910,1863,1876,1293000,1876
2010-04-15,1902,1924,1881,1920,1566200,1920
2010-04-14,1901,1915,1889,1895,1221300,1895
2010-04-13,1921,1925,1885,1905,1219300,1905
2010-04-12,1928,1958,1921,1933,1230500,1933
2010-04-09,1889,1904,1859,1888,630200,1888
2010-04-08,1879,1897,1872,1878,477400,1878
2010-04-07,1910,1910,1887,1893,763600,1893
2010-04-06,1920,1936,1885,1906,699600,1906
2010-04-05,1923,1928,1913,1920,614300,1920
2010-04-02,1949,1949,1910,1923,552000,1923
2010-04-01,1903,1940,1902,1924,753700,1924
2010-03-31,1920,1935,1895,1903,964600,1903
2010-03-30,1885,1916,1880,1916,607700,1916
2010-03-29,1846,1883,1845,1879,398500,1879
2010-03-26,1889,1895,1871,1890,786200,1890
2010-03-25,1884,1892,1858,1869,703400,1869
2010-03-24,1857,1880,1855,1868,611300,1868
2010-03-23,1862,1862,1839,1855,615700,1855
2010-03-19,1875,1877,1849,1862,612300,1862
2010-03-18,1889,1892,1855,1861,555700,1861
2010-03-17,1870,1878,1849,1865,773500,1865
2010-03-16,1810,1865,1803,1854,1656900,1854
2010-03-15,1839,1846,1806,1812,584800,1812
2010-03-12,1849,1849,1818,1830,1266000,1830
2010-03-11,1807,1846,1787,1809,1007000,1809
2010-03-10,1804,1809,1770,1790,917600,1790
2010-03-09,1790,1808,1783,1798,1143700,1798
2010-03-08,1787,1787,1756,1784,665800,1784
2010-03-05,1740,1749,1725,1747,1058100,1747
2010-03-04,1746,1753,1717,1731,1564900,1731
2010-03-03,1748,1767,1738,1756,1047500,1756
2010-03-02,1763,1764,1741,1755,773700,1755
2010-03-01,1732,1755,1720,1736,1052300,1736
2010-02-26,1750,1761,1730,1751,1223000,1751
2010-02-25,1784,1785,1732,1749,1261800,1749
2010-02-24,1781,1791,1763,1775,1132600,1775
2010-02-23,1795,1808,1775,1802,1046300,1802
2010-02-22,1753,1807,1743,1789,1276100,1789
2010-02-19,1750,1754,1722,1725,571300,1725
2010-02-18,1770,1770,1746,1752,616900,1752
2010-02-17,1745,1773,1700,1758,855300,1758
2010-02-16,1711,1728,1696,1712,615400,1712
2010-02-15,1710,1726,1690,1721,863600,1721
2010-02-12,1710,1716,1685,1700,1526600,1700
2010-02-10,1667,1737,1640,1716,1612700,1716
2010-02-09,1682,1725,1653,1707,1543700,1707
2010-02-08,1700,1738,1680,1722,1548800,1722
2010-02-05,1719,1728,1700,1711,1124700,1711
2010-02-04,1733,1749,1709,1732,945500,1732
2010-02-03,1695,1765,1695,1732,2011400,1732
2010-02-02,1660,1681,1644,1655,1502100,1655
2010-02-01,1595,1658,1576,1657,1525000,1657
2010-01-29,1634,1642,1599,1599,1343700,1599
2010-01-28,1605,1638,1571,1627,954600,1627
2010-01-27,1577,1621,1574,1582,1594700,1582
2010-01-26,1585,1585,1554,1567,892200,1567
2010-01-25,1554,1599,1554,1591,727200,1591
2010-01-22,1600,1608,1575,1592,1423800,1592
2010-01-21,1683,1690,1658,1665,1117800,1665
2010-01-20,1655,1663,1634,1656,945800,1656
2010-01-19,1655,1655,1619,1629,575000,1629
2010-01-18,1669,1669,1633,1642,556000,1642
2010-01-15,1687,1702,1653,1669,1166700,1669
2010-01-14,1609,1651,1576,1647,1334500,1647
2010-01-13,1598,1638,1598,1610,888700,1610
2010-01-12,1598,1625,1593,1620,723800,1620
2010-01-08,1626,1647,1611,1628,601600,1628
2010-01-07,1625,1630,1609,1616,618500,1616
2010-01-06,1638,1643,1620,1635,774100,1635
2010-01-05,1614,1632,1606,1618,839900,1618
2010-01-04,1593,1627,1592,1606,423400,1606
